{
  "version": 1,
  "author": "Anonymous maker",
  "editor": "wokwi",
  "parts": [
    { "type": "wokwi-arduino-uno", "id": "uno", "top": -28.2, "left": 114.6, "attrs": {} },
    {
      "type": "wokwi-pushbutton",
      "id": "btn1",
      "top": -224.2,
      "left": 230.4,
      "attrs": { "color": "green", "xray": "1" }
    },
    { "type": "wokwi-led", "id": "led1", "top": -138, "left": 243.8, "attrs": { "color": "red" } },
    {
      "type": "wokwi-led",
      "id": "led2",
      "top": -195.6,
      "left": 147.8,
      "attrs": { "color": "red" }
    },
    { "type": "wokwi-led", "id": "led3", "top": -128.4, "left": 119, "attrs": { "color": "red" } },
    { "type": "wokwi-led", "id": "led4", "top": -186, "left": 195.8, "attrs": { "color": "red" } },
    {
      "type": "wokwi-resistor",
      "id": "r1",
      "top": -82.45,
      "left": 192,
      "attrs": { "value": "330" }
    },
    {
      "type": "wokwi-resistor",
      "id": "r2",
      "top": -53.65,
      "left": 38.4,
      "attrs": { "value": "330" }
    },
    {
      "type": "wokwi-resistor",
      "id": "r3",
      "top": -120.85,
      "left": 172.8,
      "attrs": { "value": "330" }
    },
    {
      "type": "wokwi-resistor",
      "id": "r4",
      "top": -140.05,
      "left": 105.6,
      "attrs": { "value": "330" }
    },
    {
      "type": "wokwi-resistor",
      "id": "r5",
      "top": -149.65,
      "left": 364.8,
      "attrs": { "value": "10000" }
    }
  ],
  "connections": [
    [ "btn1:1.r", "uno:2", "green", [ "v0" ] ],
    [ "uno:2", "uno:5V", "green", [ "v0" ] ],
    [ "btn1:2.r", "r5:1", "green", [ "h0" ] ],
    [ "r5:2", "uno:GND.1", "green", [ "v0" ] ],
    [ "led2:A", "uno:4", "green", [ "v0" ] ],
    [ "led2:C", "r4:2", "green", [ "v0" ] ],
    [ "r4:1", "uno:GND.1", "green", [ "v0" ] ],
    [ "led4:A", "uno:5", "green", [ "v0" ] ],
    [ "led4:C", "r3:2", "green", [ "v0" ] ],
    [ "r3:1", "uno:GND.1", "green", [ "v0" ] ],
    [ "led3:A", "uno:6", "green", [ "v0" ] ],
    [ "led3:C", "r2:2", "green", [ "v0" ] ],
    [ "r2:1", "uno:GND.1", "green", [ "v0" ] ],
    [ "led1:A", "uno:7", "green", [ "v0" ] ],
    [ "led1:C", "r1:2", "green", [ "v0" ] ],
    [ "r1:1", "uno:GND.1", "green", [ "v0" ] ]
  ],
  "dependencies": {}
}