{
  "version": 1,
  "author": "Anonymous maker",
  "editor": "wokwi",
  "parts": [
    { "type": "wokwi-arduino-uno", "id": "uno", "top": -28.2, "left": 114.6, "attrs": {} },
    {
      "type": "wokwi-pushbutton",
      "id": "btn1",
      "top": -157,
      "left": 201.6,
      "attrs": { "color": "green", "xray": "1" }
    },
    {
      "type": "wokwi-resistor",
      "id": "r1",
      "top": -188.05,
      "left": 172.8,
      "attrs": { "value": "330" }
    },
    { "type": "wokwi-led", "id": "led1", "top": -138, "left": 51.8, "attrs": { "color": "red" } },
    {
      "type": "wokwi-resistor",
      "id": "r2",
      "top": -226.45,
      "left": 307.2,
      "attrs": { "value": "330" }
    }
  ],
  "connections": [
    [ "btn1:1.r", "uno:4", "green", [ "v0" ] ],
    [ "uno:4", "uno:5V", "green", [ "v0" ] ],
    [ "btn1:2.r", "r2:1", "green", [ "h0" ] ],
    [ "r2:2", "uno:GND.1", "green", [ "v0" ] ],
    [ "led1:A", "r1:1", "green", [ "v0" ] ],
    [ "led1:C", "uno:GND.1", "green", [ "v0" ] ],
    [ "r1:2", "uno:13", "green", [ "v0" ] ]
  ],
  "dependencies": {}
}